Title,Price,Discount,Product_url,Buy_url
Acer A315-23-A7KD,17.590 ден,,https://clevershop.mk/product/acer-a315-23-a7kd/,?add-to-cart=21494
Acer A315-23-R5P2,27.490 ден,,https://clevershop.mk/product/acer-a315-23-r5p2/,?add-to-cart=21510
ACER Aspire 1 A115-22,18.999 ден,-16%,https://clevershop.mk/product/acer-aspire-1-nx-a7pex-001/,?add-to-cart=20826
Acer Aspire 3 A315-23-R26A,29.990 ден,,https://clevershop.mk/product/acer-aspire-3-a315-23-r26a/,?add-to-cart=21516
Acer Aspire 3 A315-58-33WK,24.490 ден,,https://clevershop.mk/product/21498/,?add-to-cart=21498
Acer Aspire 3 A315-58-33WK,25.990 ден,,https://clevershop.mk/product/acer-aspire-3-a315-58-33wk/,?add-to-cart=21506
ACER Aspire 5 (A515-56-35KA),23.990 ден,,https://clevershop.mk/product/acer-aspire-5-a515-56-35ka/,?add-to-cart=21693
ACER ASPIRE 5 A515-45,29.990 ден,,https://clevershop.mk/product/acer-aspire-5-a515-45/,?add-to-cart=21523
Acer Aspire 5 A515-45-R07Y Silver,24.990 ден,,https://clevershop.mk/product/acer-aspire-5-a515-45-r07y-silver/,?add-to-cart=21501
Acer Aspire 5 A515-45-R1FG,36.990 ден,,https://clevershop.mk/product/acer-aspire-5-a515-45-r1fgnx-a7yex-005/,?add-to-cart=18324
Acer Aspire 5 A515-56,42.490 ден,,https://clevershop.mk/product/acer-aspire-5-a515-56-nx-a1eex-001/,?add-to-cart=18498
Acer Aspire 5 A515-56-3456 Silver,23.990 ден,,https://clevershop.mk/product/acer-aspire-5-a515-56-3456-silver/,?add-to-cart=21690
"ACER Aspire 7 (A715-41G-R24S), Black",42.990 ден,,https://clevershop.mk/product/acer-aspire-7-a715-41g-r24s-black/,?add-to-cart=21695
Acer Aspire 7 A715-42G-R16C,54.490 ден,-11%,https://clevershop.mk/product/acer-aspire-7-a715-42g-r16c-nh-qe5ex-003/,?add-to-cart=18506
ACER ED270RPBIIPX 27′ LED VA FHD,14.490 ден,,https://clevershop.mk/product/acer-ed270rpbiipx-27-led-va-fhd/,?add-to-cart=21728
ACER ED273BBMIIX 27′ LED VA FHD,11.990 ден,,https://clevershop.mk/product/acer-ed273bbmiix-27-led-va-fhd/,?add-to-cart=21734
ACER ED323QURABIDPX 32” LED VA WQHD,20.990 ден,,https://clevershop.mk/product/acer-ed323qurabidpx-32-led-va-wqhd/,?add-to-cart=21737
ACER K272HLEbid 27” LED VA FHD,9.690 ден,,https://clevershop.mk/product/21743/,?add-to-cart=21743
"ACER LED 19.5”, V206HQLAB, Wide",5.290 ден,,https://clevershop.mk/product/acer-led-19-5-v206hqlab-wide/,?add-to-cart=21750
"ACER LED, 21.5” V226HQLBbi",6.290 ден,,https://clevershop.mk/product/acer-led-21-5-v226hqlbbi/,?add-to-cart=21755
ACER Nitro 5 (AN515-57-53A7),51.990 ден,,https://clevershop.mk/product/acer-nitro-5-an515-57-53a7/,?add-to-cart=21706
Acer Nitro 5 (AN515-57-53AE),47.990 ден,,https://clevershop.mk/product/acer-nitro-5-an515-57/,?add-to-cart=21716
Acer Nitro 5 (AN515-57-76C9),60.990 ден,,https://clevershop.mk/product/acer-nitro-5-an515-57-2/,?add-to-cart=21718
Acer Nitro 5 Gaming AN515-45,71.990 ден,,https://clevershop.mk/product/acer-nitro-5-gaming-an515-45/,?add-to-cart=21406
Acer A315-23-A7KD,17.590 ден,,https://clevershop.mk/product/acer-a315-23-a7kd/,?add-to-cart=21494
Acer A315-23-R5P2,27.490 ден,,https://clevershop.mk/product/acer-a315-23-r5p2/,?add-to-cart=21510
ACER Aspire 1 A115-22,18.999 ден,-16%,https://clevershop.mk/product/acer-aspire-1-nx-a7pex-001/,?add-to-cart=20826
Acer Aspire 3 A315-23-R26A,29.990 ден,,https://clevershop.mk/product/acer-aspire-3-a315-23-r26a/,?add-to-cart=21516
Acer Aspire 3 A315-58-33WK,24.490 ден,,https://clevershop.mk/product/21498/,?add-to-cart=21498
Acer Aspire 3 A315-58-33WK,25.990 ден,,https://clevershop.mk/product/acer-aspire-3-a315-58-33wk/,?add-to-cart=21506
ACER Aspire 5 (A515-56-35KA),23.990 ден,,https://clevershop.mk/product/acer-aspire-5-a515-56-35ka/,?add-to-cart=21693
ACER ASPIRE 5 A515-45,29.990 ден,,https://clevershop.mk/product/acer-aspire-5-a515-45/,?add-to-cart=21523
Acer Aspire 5 A515-45-R07Y Silver,24.990 ден,,https://clevershop.mk/product/acer-aspire-5-a515-45-r07y-silver/,?add-to-cart=21501
Acer Aspire 5 A515-45-R1FG,36.990 ден,,https://clevershop.mk/product/acer-aspire-5-a515-45-r1fgnx-a7yex-005/,?add-to-cart=18324
Acer Aspire 5 A515-56,42.490 ден,,https://clevershop.mk/product/acer-aspire-5-a515-56-nx-a1eex-001/,?add-to-cart=18498
Acer Aspire 5 A515-56-3456 Silver,23.990 ден,,https://clevershop.mk/product/acer-aspire-5-a515-56-3456-silver/,?add-to-cart=21690
"ACER Aspire 7 (A715-41G-R24S), Black",42.990 ден,,https://clevershop.mk/product/acer-aspire-7-a715-41g-r24s-black/,?add-to-cart=21695
Acer Aspire 7 A715-42G-R16C,54.490 ден,-11%,https://clevershop.mk/product/acer-aspire-7-a715-42g-r16c-nh-qe5ex-003/,?add-to-cart=18506
ACER ED270RPBIIPX 27′ LED VA FHD,14.490 ден,,https://clevershop.mk/product/acer-ed270rpbiipx-27-led-va-fhd/,?add-to-cart=21728
ACER ED273BBMIIX 27′ LED VA FHD,11.990 ден,,https://clevershop.mk/product/acer-ed273bbmiix-27-led-va-fhd/,?add-to-cart=21734
ACER ED323QURABIDPX 32” LED VA WQHD,20.990 ден,,https://clevershop.mk/product/acer-ed323qurabidpx-32-led-va-wqhd/,?add-to-cart=21737
ACER K272HLEbid 27” LED VA FHD,9.690 ден,,https://clevershop.mk/product/21743/,?add-to-cart=21743
"ACER LED 19.5”, V206HQLAB, Wide",5.290 ден,,https://clevershop.mk/product/acer-led-19-5-v206hqlab-wide/,?add-to-cart=21750
"ACER LED, 21.5” V226HQLBbi",6.290 ден,,https://clevershop.mk/product/acer-led-21-5-v226hqlbbi/,?add-to-cart=21755
ACER Nitro 5 (AN515-57-53A7),51.990 ден,,https://clevershop.mk/product/acer-nitro-5-an515-57-53a7/,?add-to-cart=21706
Acer Nitro 5 (AN515-57-53AE),47.990 ден,,https://clevershop.mk/product/acer-nitro-5-an515-57/,?add-to-cart=21716
Acer Nitro 5 (AN515-57-76C9),60.990 ден,,https://clevershop.mk/product/acer-nitro-5-an515-57-2/,?add-to-cart=21718
Acer Nitro 5 Gaming AN515-45,71.990 ден,,https://clevershop.mk/product/acer-nitro-5-gaming-an515-45/,?add-to-cart=21406
Acer A315-23-A7KD,17.590 ден,,https://clevershop.mk/product/acer-a315-23-a7kd/,?add-to-cart=21494
Acer A315-23-R5P2,27.490 ден,,https://clevershop.mk/product/acer-a315-23-r5p2/,?add-to-cart=21510
ACER Aspire 1 A115-22,18.999 ден,-16%,https://clevershop.mk/product/acer-aspire-1-nx-a7pex-001/,?add-to-cart=20826
Acer Aspire 3 A315-23-R26A,29.990 ден,,https://clevershop.mk/product/acer-aspire-3-a315-23-r26a/,?add-to-cart=21516
Acer Aspire 3 A315-58-33WK,24.490 ден,,https://clevershop.mk/product/21498/,?add-to-cart=21498
Acer Aspire 3 A315-58-33WK,25.990 ден,,https://clevershop.mk/product/acer-aspire-3-a315-58-33wk/,?add-to-cart=21506
ACER Aspire 5 (A515-56-35KA),23.990 ден,,https://clevershop.mk/product/acer-aspire-5-a515-56-35ka/,?add-to-cart=21693
ACER ASPIRE 5 A515-45,29.990 ден,,https://clevershop.mk/product/acer-aspire-5-a515-45/,?add-to-cart=21523
Acer Aspire 5 A515-45-R07Y Silver,24.990 ден,,https://clevershop.mk/product/acer-aspire-5-a515-45-r07y-silver/,?add-to-cart=21501
Acer Aspire 5 A515-45-R1FG,36.990 ден,,https://clevershop.mk/product/acer-aspire-5-a515-45-r1fgnx-a7yex-005/,?add-to-cart=18324
Acer Aspire 5 A515-56,42.490 ден,,https://clevershop.mk/product/acer-aspire-5-a515-56-nx-a1eex-001/,?add-to-cart=18498
Acer Aspire 5 A515-56-3456 Silver,23.990 ден,,https://clevershop.mk/product/acer-aspire-5-a515-56-3456-silver/,?add-to-cart=21690
"ACER Aspire 7 (A715-41G-R24S), Black",42.990 ден,,https://clevershop.mk/product/acer-aspire-7-a715-41g-r24s-black/,?add-to-cart=21695
Acer Aspire 7 A715-42G-R16C,54.490 ден,-11%,https://clevershop.mk/product/acer-aspire-7-a715-42g-r16c-nh-qe5ex-003/,?add-to-cart=18506
ACER ED270RPBIIPX 27′ LED VA FHD,14.490 ден,,https://clevershop.mk/product/acer-ed270rpbiipx-27-led-va-fhd/,?add-to-cart=21728
ACER ED273BBMIIX 27′ LED VA FHD,11.990 ден,,https://clevershop.mk/product/acer-ed273bbmiix-27-led-va-fhd/,?add-to-cart=21734
ACER ED323QURABIDPX 32” LED VA WQHD,20.990 ден,,https://clevershop.mk/product/acer-ed323qurabidpx-32-led-va-wqhd/,?add-to-cart=21737
ACER K272HLEbid 27” LED VA FHD,9.690 ден,,https://clevershop.mk/product/21743/,?add-to-cart=21743
"ACER LED 19.5”, V206HQLAB, Wide",5.290 ден,,https://clevershop.mk/product/acer-led-19-5-v206hqlab-wide/,?add-to-cart=21750
"ACER LED, 21.5” V226HQLBbi",6.290 ден,,https://clevershop.mk/product/acer-led-21-5-v226hqlbbi/,?add-to-cart=21755
ACER Nitro 5 (AN515-57-53A7),51.990 ден,,https://clevershop.mk/product/acer-nitro-5-an515-57-53a7/,?add-to-cart=21706
Acer Nitro 5 (AN515-57-53AE),47.990 ден,,https://clevershop.mk/product/acer-nitro-5-an515-57/,?add-to-cart=21716
Acer Nitro 5 (AN515-57-76C9),60.990 ден,,https://clevershop.mk/product/acer-nitro-5-an515-57-2/,?add-to-cart=21718
Acer Nitro 5 Gaming AN515-45,71.990 ден,,https://clevershop.mk/product/acer-nitro-5-gaming-an515-45/,?add-to-cart=21406
Acer A315-23-A7KD,17.590 ден,,https://clevershop.mk/product/acer-a315-23-a7kd/,?add-to-cart=21494
Acer A315-23-R5P2,27.490 ден,,https://clevershop.mk/product/acer-a315-23-r5p2/,?add-to-cart=21510
ACER Aspire 1 A115-22,18.999 ден,-16%,https://clevershop.mk/product/acer-aspire-1-nx-a7pex-001/,?add-to-cart=20826
Acer Aspire 3 A315-23-R26A,29.990 ден,,https://clevershop.mk/product/acer-aspire-3-a315-23-r26a/,?add-to-cart=21516
Acer Aspire 3 A315-58-33WK,24.490 ден,,https://clevershop.mk/product/21498/,?add-to-cart=21498
Acer Aspire 3 A315-58-33WK,25.990 ден,,https://clevershop.mk/product/acer-aspire-3-a315-58-33wk/,?add-to-cart=21506
ACER Aspire 5 (A515-56-35KA),23.990 ден,,https://clevershop.mk/product/acer-aspire-5-a515-56-35ka/,?add-to-cart=21693
ACER ASPIRE 5 A515-45,29.990 ден,,https://clevershop.mk/product/acer-aspire-5-a515-45/,?add-to-cart=21523
Acer Aspire 5 A515-45-R07Y Silver,24.990 ден,,https://clevershop.mk/product/acer-aspire-5-a515-45-r07y-silver/,?add-to-cart=21501
Acer Aspire 5 A515-45-R1FG,36.990 ден,,https://clevershop.mk/product/acer-aspire-5-a515-45-r1fgnx-a7yex-005/,?add-to-cart=18324
Acer Aspire 5 A515-56,42.490 ден,,https://clevershop.mk/product/acer-aspire-5-a515-56-nx-a1eex-001/,?add-to-cart=18498
Acer Aspire 5 A515-56-3456 Silver,23.990 ден,,https://clevershop.mk/product/acer-aspire-5-a515-56-3456-silver/,?add-to-cart=21690
"ACER Aspire 7 (A715-41G-R24S), Black",42.990 ден,,https://clevershop.mk/product/acer-aspire-7-a715-41g-r24s-black/,?add-to-cart=21695
Acer Aspire 7 A715-42G-R16C,54.490 ден,-11%,https://clevershop.mk/product/acer-aspire-7-a715-42g-r16c-nh-qe5ex-003/,?add-to-cart=18506
ACER ED270RPBIIPX 27′ LED VA FHD,14.490 ден,,https://clevershop.mk/product/acer-ed270rpbiipx-27-led-va-fhd/,?add-to-cart=21728
ACER ED273BBMIIX 27′ LED VA FHD,11.990 ден,,https://clevershop.mk/product/acer-ed273bbmiix-27-led-va-fhd/,?add-to-cart=21734
ACER ED323QURABIDPX 32” LED VA WQHD,20.990 ден,,https://clevershop.mk/product/acer-ed323qurabidpx-32-led-va-wqhd/,?add-to-cart=21737
ACER K272HLEbid 27” LED VA FHD,9.690 ден,,https://clevershop.mk/product/21743/,?add-to-cart=21743
"ACER LED 19.5”, V206HQLAB, Wide",5.290 ден,,https://clevershop.mk/product/acer-led-19-5-v206hqlab-wide/,?add-to-cart=21750
"ACER LED, 21.5” V226HQLBbi",6.290 ден,,https://clevershop.mk/product/acer-led-21-5-v226hqlbbi/,?add-to-cart=21755
ACER Nitro 5 (AN515-57-53A7),51.990 ден,,https://clevershop.mk/product/acer-nitro-5-an515-57-53a7/,?add-to-cart=21706
Acer Nitro 5 (AN515-57-53AE),47.990 ден,,https://clevershop.mk/product/acer-nitro-5-an515-57/,?add-to-cart=21716
Acer Nitro 5 (AN515-57-76C9),60.990 ден,,https://clevershop.mk/product/acer-nitro-5-an515-57-2/,?add-to-cart=21718
Acer Nitro 5 Gaming AN515-45,71.990 ден,,https://clevershop.mk/product/acer-nitro-5-gaming-an515-45/,?add-to-cart=21406
Acer A315-23-A7KD,17.590 ден,,https://clevershop.mk/product/acer-a315-23-a7kd/,?add-to-cart=21494
Acer A315-23-R5P2,27.490 ден,,https://clevershop.mk/product/acer-a315-23-r5p2/,?add-to-cart=21510
ACER Aspire 1 A115-22,18.999 ден,-16%,https://clevershop.mk/product/acer-aspire-1-nx-a7pex-001/,?add-to-cart=20826
Acer Aspire 3 A315-23-R26A,29.990 ден,,https://clevershop.mk/product/acer-aspire-3-a315-23-r26a/,?add-to-cart=21516
Acer Aspire 3 A315-58-33WK,24.490 ден,,https://clevershop.mk/product/21498/,?add-to-cart=21498
Acer Aspire 3 A315-58-33WK,25.990 ден,,https://clevershop.mk/product/acer-aspire-3-a315-58-33wk/,?add-to-cart=21506
ACER Aspire 5 (A515-56-35KA),23.990 ден,,https://clevershop.mk/product/acer-aspire-5-a515-56-35ka/,?add-to-cart=21693
ACER ASPIRE 5 A515-45,29.990 ден,,https://clevershop.mk/product/acer-aspire-5-a515-45/,?add-to-cart=21523
Acer Aspire 5 A515-45-R07Y Silver,24.990 ден,,https://clevershop.mk/product/acer-aspire-5-a515-45-r07y-silver/,?add-to-cart=21501
Acer Aspire 5 A515-45-R1FG,36.990 ден,,https://clevershop.mk/product/acer-aspire-5-a515-45-r1fgnx-a7yex-005/,?add-to-cart=18324
Acer Aspire 5 A515-56,42.490 ден,,https://clevershop.mk/product/acer-aspire-5-a515-56-nx-a1eex-001/,?add-to-cart=18498
Acer Aspire 5 A515-56-3456 Silver,23.990 ден,,https://clevershop.mk/product/acer-aspire-5-a515-56-3456-silver/,?add-to-cart=21690
"ACER Aspire 7 (A715-41G-R24S), Black",42.990 ден,,https://clevershop.mk/product/acer-aspire-7-a715-41g-r24s-black/,?add-to-cart=21695
Acer Aspire 7 A715-42G-R16C,54.490 ден,-11%,https://clevershop.mk/product/acer-aspire-7-a715-42g-r16c-nh-qe5ex-003/,?add-to-cart=18506
ACER ED270RPBIIPX 27′ LED VA FHD,14.490 ден,,https://clevershop.mk/product/acer-ed270rpbiipx-27-led-va-fhd/,?add-to-cart=21728
ACER ED273BBMIIX 27′ LED VA FHD,11.990 ден,,https://clevershop.mk/product/acer-ed273bbmiix-27-led-va-fhd/,?add-to-cart=21734
ACER ED323QURABIDPX 32” LED VA WQHD,20.990 ден,,https://clevershop.mk/product/acer-ed323qurabidpx-32-led-va-wqhd/,?add-to-cart=21737
ACER K272HLEbid 27” LED VA FHD,9.690 ден,,https://clevershop.mk/product/21743/,?add-to-cart=21743
"ACER LED 19.5”, V206HQLAB, Wide",5.290 ден,,https://clevershop.mk/product/acer-led-19-5-v206hqlab-wide/,?add-to-cart=21750
"ACER LED, 21.5” V226HQLBbi",6.290 ден,,https://clevershop.mk/product/acer-led-21-5-v226hqlbbi/,?add-to-cart=21755
ACER Nitro 5 (AN515-57-53A7),51.990 ден,,https://clevershop.mk/product/acer-nitro-5-an515-57-53a7/,?add-to-cart=21706
Acer Nitro 5 (AN515-57-53AE),47.990 ден,,https://clevershop.mk/product/acer-nitro-5-an515-57/,?add-to-cart=21716
Acer Nitro 5 (AN515-57-76C9),60.990 ден,,https://clevershop.mk/product/acer-nitro-5-an515-57-2/,?add-to-cart=21718
Acer Nitro 5 Gaming AN515-45,71.990 ден,,https://clevershop.mk/product/acer-nitro-5-gaming-an515-45/,?add-to-cart=21406
Acer A315-23-A7KD,17.590 ден,,https://clevershop.mk/product/acer-a315-23-a7kd/,?add-to-cart=21494
Acer A315-23-R5P2,27.490 ден,,https://clevershop.mk/product/acer-a315-23-r5p2/,?add-to-cart=21510
ACER Aspire 1 A115-22,18.999 ден,-16%,https://clevershop.mk/product/acer-aspire-1-nx-a7pex-001/,?add-to-cart=20826
Acer Aspire 3 A315-23-R26A,29.990 ден,,https://clevershop.mk/product/acer-aspire-3-a315-23-r26a/,?add-to-cart=21516
Acer Aspire 3 A315-58-33WK,24.490 ден,,https://clevershop.mk/product/21498/,?add-to-cart=21498
Acer Aspire 3 A315-58-33WK,25.990 ден,,https://clevershop.mk/product/acer-aspire-3-a315-58-33wk/,?add-to-cart=21506
ACER Aspire 5 (A515-56-35KA),23.990 ден,,https://clevershop.mk/product/acer-aspire-5-a515-56-35ka/,?add-to-cart=21693
ACER ASPIRE 5 A515-45,29.990 ден,,https://clevershop.mk/product/acer-aspire-5-a515-45/,?add-to-cart=21523
Acer Aspire 5 A515-45-R07Y Silver,24.990 ден,,https://clevershop.mk/product/acer-aspire-5-a515-45-r07y-silver/,?add-to-cart=21501
Acer Aspire 5 A515-45-R1FG,36.990 ден,,https://clevershop.mk/product/acer-aspire-5-a515-45-r1fgnx-a7yex-005/,?add-to-cart=18324
Acer Aspire 5 A515-56,42.490 ден,,https://clevershop.mk/product/acer-aspire-5-a515-56-nx-a1eex-001/,?add-to-cart=18498
Acer Aspire 5 A515-56-3456 Silver,23.990 ден,,https://clevershop.mk/product/acer-aspire-5-a515-56-3456-silver/,?add-to-cart=21690
"ACER Aspire 7 (A715-41G-R24S), Black",42.990 ден,,https://clevershop.mk/product/acer-aspire-7-a715-41g-r24s-black/,?add-to-cart=21695
Acer Aspire 7 A715-42G-R16C,54.490 ден,-11%,https://clevershop.mk/product/acer-aspire-7-a715-42g-r16c-nh-qe5ex-003/,?add-to-cart=18506
ACER ED270RPBIIPX 27′ LED VA FHD,14.490 ден,,https://clevershop.mk/product/acer-ed270rpbiipx-27-led-va-fhd/,?add-to-cart=21728
ACER ED273BBMIIX 27′ LED VA FHD,11.990 ден,,https://clevershop.mk/product/acer-ed273bbmiix-27-led-va-fhd/,?add-to-cart=21734
ACER ED323QURABIDPX 32” LED VA WQHD,20.990 ден,,https://clevershop.mk/product/acer-ed323qurabidpx-32-led-va-wqhd/,?add-to-cart=21737
ACER K272HLEbid 27” LED VA FHD,9.690 ден,,https://clevershop.mk/product/21743/,?add-to-cart=21743
"ACER LED 19.5”, V206HQLAB, Wide",5.290 ден,,https://clevershop.mk/product/acer-led-19-5-v206hqlab-wide/,?add-to-cart=21750
"ACER LED, 21.5” V226HQLBbi",6.290 ден,,https://clevershop.mk/product/acer-led-21-5-v226hqlbbi/,?add-to-cart=21755
ACER Nitro 5 (AN515-57-53A7),51.990 ден,,https://clevershop.mk/product/acer-nitro-5-an515-57-53a7/,?add-to-cart=21706
Acer Nitro 5 (AN515-57-53AE),47.990 ден,,https://clevershop.mk/product/acer-nitro-5-an515-57/,?add-to-cart=21716
Acer Nitro 5 (AN515-57-76C9),60.990 ден,,https://clevershop.mk/product/acer-nitro-5-an515-57-2/,?add-to-cart=21718
Acer Nitro 5 Gaming AN515-45,71.990 ден,,https://clevershop.mk/product/acer-nitro-5-gaming-an515-45/,?add-to-cart=21406
Acer A315-23-A7KD,17.590 ден,,https://clevershop.mk/product/acer-a315-23-a7kd/,?add-to-cart=21494
Acer A315-23-R5P2,27.490 ден,,https://clevershop.mk/product/acer-a315-23-r5p2/,?add-to-cart=21510
ACER Aspire 1 A115-22,18.999 ден,-16%,https://clevershop.mk/product/acer-aspire-1-nx-a7pex-001/,?add-to-cart=20826
Acer Aspire 3 A315-23-R26A,29.990 ден,,https://clevershop.mk/product/acer-aspire-3-a315-23-r26a/,?add-to-cart=21516
Acer Aspire 3 A315-58-33WK,24.490 ден,,https://clevershop.mk/product/21498/,?add-to-cart=21498
Acer Aspire 3 A315-58-33WK,25.990 ден,,https://clevershop.mk/product/acer-aspire-3-a315-58-33wk/,?add-to-cart=21506
ACER Aspire 5 (A515-56-35KA),23.990 ден,,https://clevershop.mk/product/acer-aspire-5-a515-56-35ka/,?add-to-cart=21693
ACER ASPIRE 5 A515-45,29.990 ден,,https://clevershop.mk/product/acer-aspire-5-a515-45/,?add-to-cart=21523
Acer Aspire 5 A515-45-R07Y Silver,24.990 ден,,https://clevershop.mk/product/acer-aspire-5-a515-45-r07y-silver/,?add-to-cart=21501
Acer Aspire 5 A515-45-R1FG,36.990 ден,,https://clevershop.mk/product/acer-aspire-5-a515-45-r1fgnx-a7yex-005/,?add-to-cart=18324
Acer Aspire 5 A515-56,42.490 ден,,https://clevershop.mk/product/acer-aspire-5-a515-56-nx-a1eex-001/,?add-to-cart=18498
Acer Aspire 5 A515-56-3456 Silver,23.990 ден,,https://clevershop.mk/product/acer-aspire-5-a515-56-3456-silver/,?add-to-cart=21690
"ACER Aspire 7 (A715-41G-R24S), Black",42.990 ден,,https://clevershop.mk/product/acer-aspire-7-a715-41g-r24s-black/,?add-to-cart=21695
Acer Aspire 7 A715-42G-R16C,54.490 ден,-11%,https://clevershop.mk/product/acer-aspire-7-a715-42g-r16c-nh-qe5ex-003/,?add-to-cart=18506
ACER ED270RPBIIPX 27′ LED VA FHD,14.490 ден,,https://clevershop.mk/product/acer-ed270rpbiipx-27-led-va-fhd/,?add-to-cart=21728
ACER ED273BBMIIX 27′ LED VA FHD,11.990 ден,,https://clevershop.mk/product/acer-ed273bbmiix-27-led-va-fhd/,?add-to-cart=21734
ACER ED323QURABIDPX 32” LED VA WQHD,20.990 ден,,https://clevershop.mk/product/acer-ed323qurabidpx-32-led-va-wqhd/,?add-to-cart=21737
ACER K272HLEbid 27” LED VA FHD,9.690 ден,,https://clevershop.mk/product/21743/,?add-to-cart=21743
"ACER LED 19.5”, V206HQLAB, Wide",5.290 ден,,https://clevershop.mk/product/acer-led-19-5-v206hqlab-wide/,?add-to-cart=21750
"ACER LED, 21.5” V226HQLBbi",6.290 ден,,https://clevershop.mk/product/acer-led-21-5-v226hqlbbi/,?add-to-cart=21755
ACER Nitro 5 (AN515-57-53A7),51.990 ден,,https://clevershop.mk/product/acer-nitro-5-an515-57-53a7/,?add-to-cart=21706
Acer Nitro 5 (AN515-57-53AE),47.990 ден,,https://clevershop.mk/product/acer-nitro-5-an515-57/,?add-to-cart=21716
Acer Nitro 5 (AN515-57-76C9),60.990 ден,,https://clevershop.mk/product/acer-nitro-5-an515-57-2/,?add-to-cart=21718
Acer Nitro 5 Gaming AN515-45,71.990 ден,,https://clevershop.mk/product/acer-nitro-5-gaming-an515-45/,?add-to-cart=21406
Acer A315-23-A7KD,17.590 ден,,https://clevershop.mk/product/acer-a315-23-a7kd/,?add-to-cart=21494
Acer A315-23-R5P2,27.490 ден,,https://clevershop.mk/product/acer-a315-23-r5p2/,?add-to-cart=21510
ACER Aspire 1 A115-22,18.999 ден,-16%,https://clevershop.mk/product/acer-aspire-1-nx-a7pex-001/,?add-to-cart=20826
Acer Aspire 3 A315-23-R26A,29.990 ден,,https://clevershop.mk/product/acer-aspire-3-a315-23-r26a/,?add-to-cart=21516
Acer Aspire 3 A315-58-33WK,24.490 ден,,https://clevershop.mk/product/21498/,?add-to-cart=21498
Acer Aspire 3 A315-58-33WK,25.990 ден,,https://clevershop.mk/product/acer-aspire-3-a315-58-33wk/,?add-to-cart=21506
ACER Aspire 5 (A515-56-35KA),23.990 ден,,https://clevershop.mk/product/acer-aspire-5-a515-56-35ka/,?add-to-cart=21693
ACER ASPIRE 5 A515-45,29.990 ден,,https://clevershop.mk/product/acer-aspire-5-a515-45/,?add-to-cart=21523
Acer Aspire 5 A515-45-R07Y Silver,24.990 ден,,https://clevershop.mk/product/acer-aspire-5-a515-45-r07y-silver/,?add-to-cart=21501
Acer Aspire 5 A515-45-R1FG,36.990 ден,,https://clevershop.mk/product/acer-aspire-5-a515-45-r1fgnx-a7yex-005/,?add-to-cart=18324
Acer Aspire 5 A515-56,42.490 ден,,https://clevershop.mk/product/acer-aspire-5-a515-56-nx-a1eex-001/,?add-to-cart=18498
Acer Aspire 5 A515-56-3456 Silver,23.990 ден,,https://clevershop.mk/product/acer-aspire-5-a515-56-3456-silver/,?add-to-cart=21690
"ACER Aspire 7 (A715-41G-R24S), Black",42.990 ден,,https://clevershop.mk/product/acer-aspire-7-a715-41g-r24s-black/,?add-to-cart=21695
Acer Aspire 7 A715-42G-R16C,54.490 ден,-11%,https://clevershop.mk/product/acer-aspire-7-a715-42g-r16c-nh-qe5ex-003/,?add-to-cart=18506
ACER ED270RPBIIPX 27′ LED VA FHD,14.490 ден,,https://clevershop.mk/product/acer-ed270rpbiipx-27-led-va-fhd/,?add-to-cart=21728
ACER ED273BBMIIX 27′ LED VA FHD,11.990 ден,,https://clevershop.mk/product/acer-ed273bbmiix-27-led-va-fhd/,?add-to-cart=21734
ACER ED323QURABIDPX 32” LED VA WQHD,20.990 ден,,https://clevershop.mk/product/acer-ed323qurabidpx-32-led-va-wqhd/,?add-to-cart=21737
ACER K272HLEbid 27” LED VA FHD,9.690 ден,,https://clevershop.mk/product/21743/,?add-to-cart=21743
"ACER LED 19.5”, V206HQLAB, Wide",5.290 ден,,https://clevershop.mk/product/acer-led-19-5-v206hqlab-wide/,?add-to-cart=21750
"ACER LED, 21.5” V226HQLBbi",6.290 ден,,https://clevershop.mk/product/acer-led-21-5-v226hqlbbi/,?add-to-cart=21755
ACER Nitro 5 (AN515-57-53A7),51.990 ден,,https://clevershop.mk/product/acer-nitro-5-an515-57-53a7/,?add-to-cart=21706
Acer Nitro 5 (AN515-57-53AE),47.990 ден,,https://clevershop.mk/product/acer-nitro-5-an515-57/,?add-to-cart=21716
Acer Nitro 5 (AN515-57-76C9),60.990 ден,,https://clevershop.mk/product/acer-nitro-5-an515-57-2/,?add-to-cart=21718
Acer Nitro 5 Gaming AN515-45,71.990 ден,,https://clevershop.mk/product/acer-nitro-5-gaming-an515-45/,?add-to-cart=21406
Acer A315-23-A7KD,17.590 ден,,https://clevershop.mk/product/acer-a315-23-a7kd/,?add-to-cart=21494
Acer A315-23-R5P2,27.490 ден,,https://clevershop.mk/product/acer-a315-23-r5p2/,?add-to-cart=21510
ACER Aspire 1 A115-22,18.999 ден,-16%,https://clevershop.mk/product/acer-aspire-1-nx-a7pex-001/,?add-to-cart=20826
Acer Aspire 3 A315-23-R26A,29.990 ден,,https://clevershop.mk/product/acer-aspire-3-a315-23-r26a/,?add-to-cart=21516
Acer Aspire 3 A315-58-33WK,24.490 ден,,https://clevershop.mk/product/21498/,?add-to-cart=21498
Acer Aspire 3 A315-58-33WK,25.990 ден,,https://clevershop.mk/product/acer-aspire-3-a315-58-33wk/,?add-to-cart=21506
ACER Aspire 5 (A515-56-35KA),23.990 ден,,https://clevershop.mk/product/acer-aspire-5-a515-56-35ka/,?add-to-cart=21693
ACER ASPIRE 5 A515-45,29.990 ден,,https://clevershop.mk/product/acer-aspire-5-a515-45/,?add-to-cart=21523
Acer Aspire 5 A515-45-R07Y Silver,24.990 ден,,https://clevershop.mk/product/acer-aspire-5-a515-45-r07y-silver/,?add-to-cart=21501
Acer Aspire 5 A515-45-R1FG,36.990 ден,,https://clevershop.mk/product/acer-aspire-5-a515-45-r1fgnx-a7yex-005/,?add-to-cart=18324
Acer Aspire 5 A515-56,42.490 ден,,https://clevershop.mk/product/acer-aspire-5-a515-56-nx-a1eex-001/,?add-to-cart=18498
Acer Aspire 5 A515-56-3456 Silver,23.990 ден,,https://clevershop.mk/product/acer-aspire-5-a515-56-3456-silver/,?add-to-cart=21690
"ACER Aspire 7 (A715-41G-R24S), Black",42.990 ден,,https://clevershop.mk/product/acer-aspire-7-a715-41g-r24s-black/,?add-to-cart=21695
Acer Aspire 7 A715-42G-R16C,54.490 ден,-11%,https://clevershop.mk/product/acer-aspire-7-a715-42g-r16c-nh-qe5ex-003/,?add-to-cart=18506
ACER ED270RPBIIPX 27′ LED VA FHD,14.490 ден,,https://clevershop.mk/product/acer-ed270rpbiipx-27-led-va-fhd/,?add-to-cart=21728
ACER ED273BBMIIX 27′ LED VA FHD,11.990 ден,,https://clevershop.mk/product/acer-ed273bbmiix-27-led-va-fhd/,?add-to-cart=21734
ACER ED323QURABIDPX 32” LED VA WQHD,20.990 ден,,https://clevershop.mk/product/acer-ed323qurabidpx-32-led-va-wqhd/,?add-to-cart=21737
ACER K272HLEbid 27” LED VA FHD,9.690 ден,,https://clevershop.mk/product/21743/,?add-to-cart=21743
"ACER LED 19.5”, V206HQLAB, Wide",5.290 ден,,https://clevershop.mk/product/acer-led-19-5-v206hqlab-wide/,?add-to-cart=21750
"ACER LED, 21.5” V226HQLBbi",6.290 ден,,https://clevershop.mk/product/acer-led-21-5-v226hqlbbi/,?add-to-cart=21755
ACER Nitro 5 (AN515-57-53A7),51.990 ден,,https://clevershop.mk/product/acer-nitro-5-an515-57-53a7/,?add-to-cart=21706
Acer Nitro 5 (AN515-57-53AE),47.990 ден,,https://clevershop.mk/product/acer-nitro-5-an515-57/,?add-to-cart=21716
Acer Nitro 5 (AN515-57-76C9),60.990 ден,,https://clevershop.mk/product/acer-nitro-5-an515-57-2/,?add-to-cart=21718
Acer Nitro 5 Gaming AN515-45,71.990 ден,,https://clevershop.mk/product/acer-nitro-5-gaming-an515-45/,?add-to-cart=21406
Acer A315-23-A7KD,17.590 ден,,https://clevershop.mk/product/acer-a315-23-a7kd/,?add-to-cart=21494
Acer A315-23-R5P2,27.490 ден,,https://clevershop.mk/product/acer-a315-23-r5p2/,?add-to-cart=21510
ACER Aspire 1 A115-22,18.999 ден,-16%,https://clevershop.mk/product/acer-aspire-1-nx-a7pex-001/,?add-to-cart=20826
Acer Aspire 3 A315-23-R26A,29.990 ден,,https://clevershop.mk/product/acer-aspire-3-a315-23-r26a/,?add-to-cart=21516
Acer Aspire 3 A315-58-33WK,24.490 ден,,https://clevershop.mk/product/21498/,?add-to-cart=21498
Acer Aspire 3 A315-58-33WK,25.990 ден,,https://clevershop.mk/product/acer-aspire-3-a315-58-33wk/,?add-to-cart=21506
ACER Aspire 5 (A515-56-35KA),23.990 ден,,https://clevershop.mk/product/acer-aspire-5-a515-56-35ka/,?add-to-cart=21693
ACER ASPIRE 5 A515-45,29.990 ден,,https://clevershop.mk/product/acer-aspire-5-a515-45/,?add-to-cart=21523
Acer Aspire 5 A515-45-R07Y Silver,24.990 ден,,https://clevershop.mk/product/acer-aspire-5-a515-45-r07y-silver/,?add-to-cart=21501
Acer Aspire 5 A515-45-R1FG,36.990 ден,,https://clevershop.mk/product/acer-aspire-5-a515-45-r1fgnx-a7yex-005/,?add-to-cart=18324
Acer Aspire 5 A515-56,42.490 ден,,https://clevershop.mk/product/acer-aspire-5-a515-56-nx-a1eex-001/,?add-to-cart=18498
Acer Aspire 5 A515-56-3456 Silver,23.990 ден,,https://clevershop.mk/product/acer-aspire-5-a515-56-3456-silver/,?add-to-cart=21690
"ACER Aspire 7 (A715-41G-R24S), Black",42.990 ден,,https://clevershop.mk/product/acer-aspire-7-a715-41g-r24s-black/,?add-to-cart=21695
Acer Aspire 7 A715-42G-R16C,54.490 ден,-11%,https://clevershop.mk/product/acer-aspire-7-a715-42g-r16c-nh-qe5ex-003/,?add-to-cart=18506
ACER ED270RPBIIPX 27′ LED VA FHD,14.490 ден,,https://clevershop.mk/product/acer-ed270rpbiipx-27-led-va-fhd/,?add-to-cart=21728
ACER ED273BBMIIX 27′ LED VA FHD,11.990 ден,,https://clevershop.mk/product/acer-ed273bbmiix-27-led-va-fhd/,?add-to-cart=21734
ACER ED323QURABIDPX 32” LED VA WQHD,20.990 ден,,https://clevershop.mk/product/acer-ed323qurabidpx-32-led-va-wqhd/,?add-to-cart=21737
ACER K272HLEbid 27” LED VA FHD,9.690 ден,,https://clevershop.mk/product/21743/,?add-to-cart=21743
"ACER LED 19.5”, V206HQLAB, Wide",5.290 ден,,https://clevershop.mk/product/acer-led-19-5-v206hqlab-wide/,?add-to-cart=21750
"ACER LED, 21.5” V226HQLBbi",6.290 ден,,https://clevershop.mk/product/acer-led-21-5-v226hqlbbi/,?add-to-cart=21755
ACER Nitro 5 (AN515-57-53A7),51.990 ден,,https://clevershop.mk/product/acer-nitro-5-an515-57-53a7/,?add-to-cart=21706
Acer Nitro 5 (AN515-57-53AE),47.990 ден,,https://clevershop.mk/product/acer-nitro-5-an515-57/,?add-to-cart=21716
Acer Nitro 5 (AN515-57-76C9),60.990 ден,,https://clevershop.mk/product/acer-nitro-5-an515-57-2/,?add-to-cart=21718
Acer Nitro 5 Gaming AN515-45,71.990 ден,,https://clevershop.mk/product/acer-nitro-5-gaming-an515-45/,?add-to-cart=21406
Acer A315-23-A7KD,17.590 ден,,https://clevershop.mk/product/acer-a315-23-a7kd/,?add-to-cart=21494
Acer A315-23-R5P2,27.490 ден,,https://clevershop.mk/product/acer-a315-23-r5p2/,?add-to-cart=21510
ACER Aspire 1 A115-22,18.999 ден,-16%,https://clevershop.mk/product/acer-aspire-1-nx-a7pex-001/,?add-to-cart=20826
Acer Aspire 3 A315-23-R26A,29.990 ден,,https://clevershop.mk/product/acer-aspire-3-a315-23-r26a/,?add-to-cart=21516
Acer Aspire 3 A315-58-33WK,24.490 ден,,https://clevershop.mk/product/21498/,?add-to-cart=21498
Acer Aspire 3 A315-58-33WK,25.990 ден,,https://clevershop.mk/product/acer-aspire-3-a315-58-33wk/,?add-to-cart=21506
ACER Aspire 5 (A515-56-35KA),23.990 ден,,https://clevershop.mk/product/acer-aspire-5-a515-56-35ka/,?add-to-cart=21693
ACER ASPIRE 5 A515-45,29.990 ден,,https://clevershop.mk/product/acer-aspire-5-a515-45/,?add-to-cart=21523
Acer Aspire 5 A515-45-R07Y Silver,24.990 ден,,https://clevershop.mk/product/acer-aspire-5-a515-45-r07y-silver/,?add-to-cart=21501
Acer Aspire 5 A515-45-R1FG,36.990 ден,,https://clevershop.mk/product/acer-aspire-5-a515-45-r1fgnx-a7yex-005/,?add-to-cart=18324
Acer Aspire 5 A515-56,42.490 ден,,https://clevershop.mk/product/acer-aspire-5-a515-56-nx-a1eex-001/,?add-to-cart=18498
Acer Aspire 5 A515-56-3456 Silver,23.990 ден,,https://clevershop.mk/product/acer-aspire-5-a515-56-3456-silver/,?add-to-cart=21690
"ACER Aspire 7 (A715-41G-R24S), Black",42.990 ден,,https://clevershop.mk/product/acer-aspire-7-a715-41g-r24s-black/,?add-to-cart=21695
Acer Aspire 7 A715-42G-R16C,54.490 ден,-11%,https://clevershop.mk/product/acer-aspire-7-a715-42g-r16c-nh-qe5ex-003/,?add-to-cart=18506
ACER ED270RPBIIPX 27′ LED VA FHD,14.490 ден,,https://clevershop.mk/product/acer-ed270rpbiipx-27-led-va-fhd/,?add-to-cart=21728
ACER ED273BBMIIX 27′ LED VA FHD,11.990 ден,,https://clevershop.mk/product/acer-ed273bbmiix-27-led-va-fhd/,?add-to-cart=21734
ACER ED323QURABIDPX 32” LED VA WQHD,20.990 ден,,https://clevershop.mk/product/acer-ed323qurabidpx-32-led-va-wqhd/,?add-to-cart=21737
ACER K272HLEbid 27” LED VA FHD,9.690 ден,,https://clevershop.mk/product/21743/,?add-to-cart=21743
"ACER LED 19.5”, V206HQLAB, Wide",5.290 ден,,https://clevershop.mk/product/acer-led-19-5-v206hqlab-wide/,?add-to-cart=21750
"ACER LED, 21.5” V226HQLBbi",6.290 ден,,https://clevershop.mk/product/acer-led-21-5-v226hqlbbi/,?add-to-cart=21755
ACER Nitro 5 (AN515-57-53A7),51.990 ден,,https://clevershop.mk/product/acer-nitro-5-an515-57-53a7/,?add-to-cart=21706
Acer Nitro 5 (AN515-57-53AE),47.990 ден,,https://clevershop.mk/product/acer-nitro-5-an515-57/,?add-to-cart=21716
Acer Nitro 5 (AN515-57-76C9),60.990 ден,,https://clevershop.mk/product/acer-nitro-5-an515-57-2/,?add-to-cart=21718
Acer Nitro 5 Gaming AN515-45,71.990 ден,,https://clevershop.mk/product/acer-nitro-5-gaming-an515-45/,?add-to-cart=21406
Acer A315-23-A7KD,17.590 ден,,https://clevershop.mk/product/acer-a315-23-a7kd/,?add-to-cart=21494
Acer A315-23-R5P2,27.490 ден,,https://clevershop.mk/product/acer-a315-23-r5p2/,?add-to-cart=21510
ACER Aspire 1 A115-22,18.999 ден,-16%,https://clevershop.mk/product/acer-aspire-1-nx-a7pex-001/,?add-to-cart=20826
Acer Aspire 3 A315-23-R26A,29.990 ден,,https://clevershop.mk/product/acer-aspire-3-a315-23-r26a/,?add-to-cart=21516
Acer Aspire 3 A315-58-33WK,24.490 ден,,https://clevershop.mk/product/21498/,?add-to-cart=21498
Acer Aspire 3 A315-58-33WK,25.990 ден,,https://clevershop.mk/product/acer-aspire-3-a315-58-33wk/,?add-to-cart=21506
ACER Aspire 5 (A515-56-35KA),23.990 ден,,https://clevershop.mk/product/acer-aspire-5-a515-56-35ka/,?add-to-cart=21693
ACER ASPIRE 5 A515-45,29.990 ден,,https://clevershop.mk/product/acer-aspire-5-a515-45/,?add-to-cart=21523
Acer Aspire 5 A515-45-R07Y Silver,24.990 ден,,https://clevershop.mk/product/acer-aspire-5-a515-45-r07y-silver/,?add-to-cart=21501
Acer Aspire 5 A515-45-R1FG,36.990 ден,,https://clevershop.mk/product/acer-aspire-5-a515-45-r1fgnx-a7yex-005/,?add-to-cart=18324
Acer Aspire 5 A515-56,42.490 ден,,https://clevershop.mk/product/acer-aspire-5-a515-56-nx-a1eex-001/,?add-to-cart=18498
Acer Aspire 5 A515-56-3456 Silver,23.990 ден,,https://clevershop.mk/product/acer-aspire-5-a515-56-3456-silver/,?add-to-cart=21690
"ACER Aspire 7 (A715-41G-R24S), Black",42.990 ден,,https://clevershop.mk/product/acer-aspire-7-a715-41g-r24s-black/,?add-to-cart=21695
Acer Aspire 7 A715-42G-R16C,54.490 ден,-11%,https://clevershop.mk/product/acer-aspire-7-a715-42g-r16c-nh-qe5ex-003/,?add-to-cart=18506
ACER ED270RPBIIPX 27′ LED VA FHD,14.490 ден,,https://clevershop.mk/product/acer-ed270rpbiipx-27-led-va-fhd/,?add-to-cart=21728
ACER ED273BBMIIX 27′ LED VA FHD,11.990 ден,,https://clevershop.mk/product/acer-ed273bbmiix-27-led-va-fhd/,?add-to-cart=21734
ACER ED323QURABIDPX 32” LED VA WQHD,20.990 ден,,https://clevershop.mk/product/acer-ed323qurabidpx-32-led-va-wqhd/,?add-to-cart=21737
ACER K272HLEbid 27” LED VA FHD,9.690 ден,,https://clevershop.mk/product/21743/,?add-to-cart=21743
"ACER LED 19.5”, V206HQLAB, Wide",5.290 ден,,https://clevershop.mk/product/acer-led-19-5-v206hqlab-wide/,?add-to-cart=21750
"ACER LED, 21.5” V226HQLBbi",6.290 ден,,https://clevershop.mk/product/acer-led-21-5-v226hqlbbi/,?add-to-cart=21755
ACER Nitro 5 (AN515-57-53A7),51.990 ден,,https://clevershop.mk/product/acer-nitro-5-an515-57-53a7/,?add-to-cart=21706
Acer Nitro 5 (AN515-57-53AE),47.990 ден,,https://clevershop.mk/product/acer-nitro-5-an515-57/,?add-to-cart=21716
Acer Nitro 5 (AN515-57-76C9),60.990 ден,,https://clevershop.mk/product/acer-nitro-5-an515-57-2/,?add-to-cart=21718
Acer Nitro 5 Gaming AN515-45,71.990 ден,,https://clevershop.mk/product/acer-nitro-5-gaming-an515-45/,?add-to-cart=21406
Acer A315-23-A7KD,17.590 ден,,https://clevershop.mk/product/acer-a315-23-a7kd/,?add-to-cart=21494
Acer A315-23-R5P2,27.490 ден,,https://clevershop.mk/product/acer-a315-23-r5p2/,?add-to-cart=21510
ACER Aspire 1 A115-22,18.999 ден,-16%,https://clevershop.mk/product/acer-aspire-1-nx-a7pex-001/,?add-to-cart=20826
Acer Aspire 3 A315-23-R26A,29.990 ден,,https://clevershop.mk/product/acer-aspire-3-a315-23-r26a/,?add-to-cart=21516
Acer Aspire 3 A315-58-33WK,24.490 ден,,https://clevershop.mk/product/21498/,?add-to-cart=21498
Acer Aspire 3 A315-58-33WK,25.990 ден,,https://clevershop.mk/product/acer-aspire-3-a315-58-33wk/,?add-to-cart=21506
ACER Aspire 5 (A515-56-35KA),23.990 ден,,https://clevershop.mk/product/acer-aspire-5-a515-56-35ka/,?add-to-cart=21693
ACER ASPIRE 5 A515-45,29.990 ден,,https://clevershop.mk/product/acer-aspire-5-a515-45/,?add-to-cart=21523
Acer Aspire 5 A515-45-R07Y Silver,24.990 ден,,https://clevershop.mk/product/acer-aspire-5-a515-45-r07y-silver/,?add-to-cart=21501
Acer Aspire 5 A515-45-R1FG,36.990 ден,,https://clevershop.mk/product/acer-aspire-5-a515-45-r1fgnx-a7yex-005/,?add-to-cart=18324
Acer Aspire 5 A515-56,42.490 ден,,https://clevershop.mk/product/acer-aspire-5-a515-56-nx-a1eex-001/,?add-to-cart=18498
Acer Aspire 5 A515-56-3456 Silver,23.990 ден,,https://clevershop.mk/product/acer-aspire-5-a515-56-3456-silver/,?add-to-cart=21690
"ACER Aspire 7 (A715-41G-R24S), Black",42.990 ден,,https://clevershop.mk/product/acer-aspire-7-a715-41g-r24s-black/,?add-to-cart=21695
Acer Aspire 7 A715-42G-R16C,54.490 ден,-11%,https://clevershop.mk/product/acer-aspire-7-a715-42g-r16c-nh-qe5ex-003/,?add-to-cart=18506
ACER ED270RPBIIPX 27′ LED VA FHD,14.490 ден,,https://clevershop.mk/product/acer-ed270rpbiipx-27-led-va-fhd/,?add-to-cart=21728
ACER ED273BBMIIX 27′ LED VA FHD,11.990 ден,,https://clevershop.mk/product/acer-ed273bbmiix-27-led-va-fhd/,?add-to-cart=21734
ACER ED323QURABIDPX 32” LED VA WQHD,20.990 ден,,https://clevershop.mk/product/acer-ed323qurabidpx-32-led-va-wqhd/,?add-to-cart=21737
ACER K272HLEbid 27” LED VA FHD,9.690 ден,,https://clevershop.mk/product/21743/,?add-to-cart=21743
"ACER LED 19.5”, V206HQLAB, Wide",5.290 ден,,https://clevershop.mk/product/acer-led-19-5-v206hqlab-wide/,?add-to-cart=21750
"ACER LED, 21.5” V226HQLBbi",6.290 ден,,https://clevershop.mk/product/acer-led-21-5-v226hqlbbi/,?add-to-cart=21755
ACER Nitro 5 (AN515-57-53A7),51.990 ден,,https://clevershop.mk/product/acer-nitro-5-an515-57-53a7/,?add-to-cart=21706
Acer Nitro 5 (AN515-57-53AE),47.990 ден,,https://clevershop.mk/product/acer-nitro-5-an515-57/,?add-to-cart=21716
Acer Nitro 5 (AN515-57-76C9),60.990 ден,,https://clevershop.mk/product/acer-nitro-5-an515-57-2/,?add-to-cart=21718
Acer Nitro 5 Gaming AN515-45,71.990 ден,,https://clevershop.mk/product/acer-nitro-5-gaming-an515-45/,?add-to-cart=21406
Acer A315-23-A7KD,17.590 ден,,https://clevershop.mk/product/acer-a315-23-a7kd/,?add-to-cart=21494
Acer A315-23-R5P2,27.490 ден,,https://clevershop.mk/product/acer-a315-23-r5p2/,?add-to-cart=21510
ACER Aspire 1 A115-22,18.999 ден,-16%,https://clevershop.mk/product/acer-aspire-1-nx-a7pex-001/,?add-to-cart=20826
Acer Aspire 3 A315-23-R26A,29.990 ден,,https://clevershop.mk/product/acer-aspire-3-a315-23-r26a/,?add-to-cart=21516
Acer Aspire 3 A315-58-33WK,24.490 ден,,https://clevershop.mk/product/21498/,?add-to-cart=21498
Acer Aspire 3 A315-58-33WK,25.990 ден,,https://clevershop.mk/product/acer-aspire-3-a315-58-33wk/,?add-to-cart=21506
ACER Aspire 5 (A515-56-35KA),23.990 ден,,https://clevershop.mk/product/acer-aspire-5-a515-56-35ka/,?add-to-cart=21693
ACER ASPIRE 5 A515-45,29.990 ден,,https://clevershop.mk/product/acer-aspire-5-a515-45/,?add-to-cart=21523
Acer Aspire 5 A515-45-R07Y Silver,24.990 ден,,https://clevershop.mk/product/acer-aspire-5-a515-45-r07y-silver/,?add-to-cart=21501
Acer Aspire 5 A515-45-R1FG,36.990 ден,,https://clevershop.mk/product/acer-aspire-5-a515-45-r1fgnx-a7yex-005/,?add-to-cart=18324
Acer Aspire 5 A515-56,42.490 ден,,https://clevershop.mk/product/acer-aspire-5-a515-56-nx-a1eex-001/,?add-to-cart=18498
Acer Aspire 5 A515-56-3456 Silver,23.990 ден,,https://clevershop.mk/product/acer-aspire-5-a515-56-3456-silver/,?add-to-cart=21690
"ACER Aspire 7 (A715-41G-R24S), Black",42.990 ден,,https://clevershop.mk/product/acer-aspire-7-a715-41g-r24s-black/,?add-to-cart=21695
Acer Aspire 7 A715-42G-R16C,54.490 ден,-11%,https://clevershop.mk/product/acer-aspire-7-a715-42g-r16c-nh-qe5ex-003/,?add-to-cart=18506
ACER ED270RPBIIPX 27′ LED VA FHD,14.490 ден,,https://clevershop.mk/product/acer-ed270rpbiipx-27-led-va-fhd/,?add-to-cart=21728
ACER ED273BBMIIX 27′ LED VA FHD,11.990 ден,,https://clevershop.mk/product/acer-ed273bbmiix-27-led-va-fhd/,?add-to-cart=21734
ACER ED323QURABIDPX 32” LED VA WQHD,20.990 ден,,https://clevershop.mk/product/acer-ed323qurabidpx-32-led-va-wqhd/,?add-to-cart=21737
ACER K272HLEbid 27” LED VA FHD,9.690 ден,,https://clevershop.mk/product/21743/,?add-to-cart=21743
"ACER LED 19.5”, V206HQLAB, Wide",5.290 ден,,https://clevershop.mk/product/acer-led-19-5-v206hqlab-wide/,?add-to-cart=21750
"ACER LED, 21.5” V226HQLBbi",6.290 ден,,https://clevershop.mk/product/acer-led-21-5-v226hqlbbi/,?add-to-cart=21755
ACER Nitro 5 (AN515-57-53A7),51.990 ден,,https://clevershop.mk/product/acer-nitro-5-an515-57-53a7/,?add-to-cart=21706
Acer Nitro 5 (AN515-57-53AE),47.990 ден,,https://clevershop.mk/product/acer-nitro-5-an515-57/,?add-to-cart=21716
Acer Nitro 5 (AN515-57-76C9),60.990 ден,,https://clevershop.mk/product/acer-nitro-5-an515-57-2/,?add-to-cart=21718
Acer Nitro 5 Gaming AN515-45,71.990 ден,,https://clevershop.mk/product/acer-nitro-5-gaming-an515-45/,?add-to-cart=21406
